<?xml version="1.0" encoding="UTF-8"?>
<infoList vendor="NXP"><info name="LPC1549" chip="LPC1549" connectscript="LPC15RunBootRomConnect.scp" flash_driver="LPC15xx_256K.cfx" match_id="0x0"  resetscript="LPC15RunBootRomReset.scp" stub="crt_emu_cm3_gen"><chip><name>LPC1549</name>
<family>LPC15xx</family>
<vendor>NXP (formerly Philips)</vendor>
<reset board="None" core="Real" sys="Real"/>
<clock changeable="TRUE" freq="12MHz" is_accurate="TRUE"/>
<memory can_program="true" id="Flash" is_ro="true" type="Flash"/>
<memory id="RAM" type="RAM"/>
<memory id="Periph" is_volatile="true" type="Peripheral"/>
<memoryInstance derived_from="Flash" id="MFlash256" location="0x0" size="0x40000"/>
<memoryInstance derived_from="RAM" id="Ram0_16_32" location="0x2000000" size="0x8000"/>
<memoryInstance derived_from="RAM" id="Ram2_4" location="0x2008000" size="0x1000"/>
<peripheralInstance derived_from="V7M_MPU" id="MPU" location="0xe000ed90"/>
<peripheralInstance derived_from="V7M_NVIC" id="NVIC" location="0xe000e000"/>
<peripheralInstance derived_from="V7M_DCR" id="DCR" location="0xe000edf0"/>
<peripheralInstance derived_from="V7M_ITM" id="ITM" location="0xe0000000"/>
<peripheralInstance derived_from="GPIO-PORT" id="GPIO-PORT" location="0x1c000000"/>
<peripheralInstance derived_from="DMA" id="DMA" location="0x1c004000"/>
<peripheralInstance derived_from="USB" id="USB" location="0x1c00c000"/>
<peripheralInstance derived_from="CRC" id="CRC" location="0x1c010000"/>
<peripheralInstance derived_from="SCT0" id="SCT0" location="0x1c018000"/>
<peripheralInstance derived_from="SCT1" id="SCT1" location="0x1c01c000"/>
<peripheralInstance derived_from="SCT2" id="SCT2" location="0x1c020000"/>
<peripheralInstance derived_from="SCT3" id="SCT3" location="0x1c024000"/>
<peripheralInstance derived_from="ADC0" id="ADC0" location="0x40000000"/>
<peripheralInstance derived_from="DAC" id="DAC" location="0x40004000"/>
<peripheralInstance derived_from="ACMP" id="ACMP" location="0x40008000"/>
<peripheralInstance derived_from="INMUX" id="INMUX" location="0x40014000"/>
<peripheralInstance derived_from="RTC" id="RTC" location="0x40028000"/>
<peripheralInstance derived_from="WWDT" id="WWDT" location="0x4002c000"/>
<peripheralInstance derived_from="SWM" id="SWM" location="0x40038000"/>
<peripheralInstance derived_from="PMU" id="PMU" location="0x4003c000"/>
<peripheralInstance derived_from="USART0" id="USART0" location="0x40040000"/>
<peripheralInstance derived_from="USART1" id="USART1" location="0x40044000"/>
<peripheralInstance derived_from="SPI0" id="SPI0" location="0x40048000"/>
<peripheralInstance derived_from="SPI1" id="SPI1" location="0x4004c000"/>
<peripheralInstance derived_from="I2C0" id="I2C0" location="0x40050000"/>
<peripheralInstance derived_from="QEI" id="QEI" location="0x40058000"/>
<peripheralInstance derived_from="SYSCON" id="SYSCON" location="0x40074000"/>
<peripheralInstance derived_from="ADC1" id="ADC1" location="0x40080000"/>
<peripheralInstance derived_from="MRT" id="MRT" location="0x400a0000"/>
<peripheralInstance derived_from="PINT" id="PINT" location="0x400a4000"/>
<peripheralInstance derived_from="GINT0" id="GINT0" location="0x400a8000"/>
<peripheralInstance derived_from="GINT1" id="GINT1" location="0x400ac000"/>
<peripheralInstance derived_from="RIT" id="RIT" location="0x400b4000"/>
<peripheralInstance derived_from="SCTIPU" id="SCTIPU" location="0x400b8000"/>
<peripheralInstance derived_from="FLASHCTRL" id="FLASHCTRL" location="0x400bc000"/>
<peripheralInstance derived_from="USART2" id="USART2" location="0x400c0000"/>
<peripheralInstance derived_from="C-CAN0" id="C-CAN0" location="0x400f0000"/>
<peripheralInstance derived_from="IOCON" id="IOCON" location="0x400f8000"/>
</chip>
<processor><name gcc_name="cortex-m3">Cortex-M3</name>
<family>Cortex-M</family>
</processor>
<link href="LPC15xx_peripheral.xme" show="embed" type="simple"/>
</info>
</infoList>

